"filename", "language", "XML", "MS SQL", "JavaScript", "HTML", "Batch", "Markdown", "JSON", "SCSS", "YAML", "Java", "CSS", "Lua", "comment", "blank", "total"
"/home/winter/Desktop/Nishant/spring-projects/shortlink/shortlink/README.md", "Markdown", 0, 0, 0, 0, 0, 60, 0, 0, 0, 0, 0, 0, 0, 41, 101
"/home/winter/Desktop/Nishant/spring-projects/shortlink/shortlink/admin/pom.xml", "XML", 68, 0, 0, 0, 0, 0, 0, 0, 0, 0, 0, 0, 1, 14, 83
"/home/winter/Desktop/Nishant/spring-projects/shortlink/shortlink/admin/src/main/java/com/nageoffer/shortlink/admin/ShortLinkAdminApplication.java", "Java", 0, 0, 0, 0, 0, 0, 0, 0, 0, 15, 0, 0, 20, 5, 40
"/home/winter/Desktop/Nishant/spring-projects/shortlink/shortlink/admin/src/main/java/com/nageoffer/shortlink/admin/common/biz/user/UserContext.java", "Java", 0, 0, 0, 0, 0, 0, 0, 0, 0, 24, 0, 0, 46, 11, 81
"/home/winter/Desktop/Nishant/spring-projects/shortlink/shortlink/admin/src/main/java/com/nageoffer/shortlink/admin/common/biz/user/UserFlowRiskControlFilter.java", "Java", 0, 0, 0, 0, 0, 0, 0, 0, 0, 58, 0, 0, 20, 10, 88
"/home/winter/Desktop/Nishant/spring-projects/shortlink/shortlink/admin/src/main/java/com/nageoffer/shortlink/admin/common/biz/user/UserInfoDTO.java", "Java", 0, 0, 0, 0, 0, 0, 0, 0, 0, 16, 0, 0, 29, 6, 51
"/home/winter/Desktop/Nishant/spring-projects/shortlink/shortlink/admin/src/main/java/com/nageoffer/shortlink/admin/common/biz/user/UserTransmitFilter.java", "Java", 0, 0, 0, 0, 0, 0, 0, 0, 0, 29, 0, 0, 20, 4, 53
"/home/winter/Desktop/Nishant/spring-projects/shortlink/shortlink/admin/src/main/java/com/nageoffer/shortlink/admin/common/constant/RedisCacheConstant.java", "Java", 0, 0, 0, 0, 0, 0, 0, 0, 0, 6, 0, 0, 29, 6, 41
"/home/winter/Desktop/Nishant/spring-projects/shortlink/shortlink/admin/src/main/java/com/nageoffer/shortlink/admin/common/convention/errorcode/BaseErrorCode.java", "Java", 0, 0, 0, 0, 0, 0, 0, 0, 0, 32, 0, 0, 27, 14, 73
"/home/winter/Desktop/Nishant/spring-projects/shortlink/shortlink/admin/src/main/java/com/nageoffer/shortlink/admin/common/convention/errorcode/IErrorCode.java", "Java", 0, 0, 0, 0, 0, 0, 0, 0, 0, 5, 0, 0, 26, 5, 36
"/home/winter/Desktop/Nishant/spring-projects/shortlink/shortlink/admin/src/main/java/com/nageoffer/shortlink/admin/common/convention/exception/AbstractException.java", "Java", 0, 0, 0, 0, 0, 0, 0, 0, 0, 15, 0, 0, 24, 8, 47
"/home/winter/Desktop/Nishant/spring-projects/shortlink/shortlink/admin/src/main/java/com/nageoffer/shortlink/admin/common/convention/exception/ClientException.java", "Java", 0, 0, 0, 0, 0, 0, 0, 0, 0, 24, 0, 0, 20, 9, 53
"/home/winter/Desktop/Nishant/spring-projects/shortlink/shortlink/admin/src/main/java/com/nageoffer/shortlink/admin/common/convention/exception/RemoteException.java", "Java", 0, 0, 0, 0, 0, 0, 0, 0, 0, 21, 0, 0, 20, 7, 48
"/home/winter/Desktop/Nishant/spring-projects/shortlink/shortlink/admin/src/main/java/com/nageoffer/shortlink/admin/common/convention/exception/ServiceException.java", "Java", 0, 0, 0, 0, 0, 0, 0, 0, 0, 25, 0, 0, 20, 11, 56
"/home/winter/Desktop/Nishant/spring-projects/shortlink/shortlink/admin/src/main/java/com/nageoffer/shortlink/admin/common/convention/result/Result.java", "Java", 0, 0, 0, 0, 0, 0, 0, 0, 0, 19, 0, 0, 34, 12, 65
"/home/winter/Desktop/Nishant/spring-projects/shortlink/shortlink/admin/src/main/java/com/nageoffer/shortlink/admin/common/convention/result/Results.java", "Java", 0, 0, 0, 0, 0, 0, 0, 0, 0, 34, 0, 0, 34, 10, 78
"/home/winter/Desktop/Nishant/spring-projects/shortlink/shortlink/admin/src/main/java/com/nageoffer/shortlink/admin/common/database/BaseDO.java", "Java", 0, 0, 0, 0, 0, 0, 0, 0, 0, 14, 0, 0, 29, 8, 51
"/home/winter/Desktop/Nishant/spring-projects/shortlink/shortlink/admin/src/main/java/com/nageoffer/shortlink/admin/common/enums/UserErrorCodeEnum.java", "Java", 0, 0, 0, 0, 0, 0, 0, 0, 0, 22, 0, 0, 20, 13, 55
"/home/winter/Desktop/Nishant/spring-projects/shortlink/shortlink/admin/src/main/java/com/nageoffer/shortlink/admin/common/serialize/PhoneDesensitizationSerializer.java", "Java", 0, 0, 0, 0, 0, 0, 0, 0, 0, 13, 0, 0, 20, 5, 38
"/home/winter/Desktop/Nishant/spring-projects/shortlink/shortlink/admin/src/main/java/com/nageoffer/shortlink/admin/common/web/GlobalExceptionHandler.java", "Java", 0, 0, 0, 0, 0, 0, 0, 0, 0, 61, 0, 0, 30, 9, 100
"/home/winter/Desktop/Nishant/spring-projects/shortlink/shortlink/admin/src/main/java/com/nageoffer/shortlink/admin/config/DataBaseConfiguration.java", "Java", 0, 0, 0, 0, 0, 0, 0, 0, 0, 17, 0, 0, 23, 5, 45
"/home/winter/Desktop/Nishant/spring-projects/shortlink/shortlink/admin/src/main/java/com/nageoffer/shortlink/admin/config/MyMetaObjectHandler.java", "Java", 0, 0, 0, 0, 0, 0, 0, 0, 0, 20, 0, 0, 20, 7, 47
"/home/winter/Desktop/Nishant/spring-projects/shortlink/shortlink/admin/src/main/java/com/nageoffer/shortlink/admin/config/OpenFeignConfiguration.java", "Java", 0, 0, 0, 0, 0, 0, 0, 0, 0, 16, 0, 0, 20, 5, 41
"/home/winter/Desktop/Nishant/spring-projects/shortlink/shortlink/admin/src/main/java/com/nageoffer/shortlink/admin/config/RBloomFilterConfiguration.java", "Java", 0, 0, 0, 0, 0, 0, 0, 0, 0, 20, 0, 0, 26, 5, 51
"/home/winter/Desktop/Nishant/spring-projects/shortlink/shortlink/admin/src/main/java/com/nageoffer/shortlink/admin/config/UserConfiguration.java", "Java", 0, 0, 0, 0, 0, 0, 0, 0, 0, 30, 0, 0, 26, 5, 61
"/home/winter/Desktop/Nishant/spring-projects/shortlink/shortlink/admin/src/main/java/com/nageoffer/shortlink/admin/config/UserFlowRiskControlConfiguration.java", "Java", 0, 0, 0, 0, 0, 0, 0, 0, 0, 12, 0, 0, 29, 7, 48
"/home/winter/Desktop/Nishant/spring-projects/shortlink/shortlink/admin/src/main/java/com/nageoffer/shortlink/admin/controller/GroupController.java", "Java", 0, 0, 0, 0, 0, 0, 0, 0, 0, 46, 0, 0, 35, 11, 92
"/home/winter/Desktop/Nishant/spring-projects/shortlink/shortlink/admin/src/main/java/com/nageoffer/shortlink/admin/controller/RecycleBinController.java", "Java", 0, 0, 0, 0, 0, 0, 0, 0, 0, 41, 0, 0, 32, 9, 82
"/home/winter/Desktop/Nishant/spring-projects/shortlink/shortlink/admin/src/main/java/com/nageoffer/shortlink/admin/controller/ShortLinkController.java", "Java", 0, 0, 0, 0, 0, 0, 0, 0, 0, 49, 0, 0, 32, 10, 91
"/home/winter/Desktop/Nishant/spring-projects/shortlink/shortlink/admin/src/main/java/com/nageoffer/shortlink/admin/controller/ShortLinkStatsController.java", "Java", 0, 0, 0, 0, 0, 0, 0, 0, 0, 58, 0, 0, 32, 9, 99
"/home/winter/Desktop/Nishant/spring-projects/shortlink/shortlink/admin/src/main/java/com/nageoffer/shortlink/admin/controller/UrlTitleController.java", "Java", 0, 0, 0, 0, 0, 0, 0, 0, 0, 16, 0, 0, 23, 6, 45
"/home/winter/Desktop/Nishant/spring-projects/shortlink/shortlink/admin/src/main/java/com/nageoffer/shortlink/admin/controller/UserController.java", "Java", 0, 0, 0, 0, 0, 0, 0, 0, 0, 60, 0, 0, 44, 13, 117
"/home/winter/Desktop/Nishant/spring-projects/shortlink/shortlink/admin/src/main/java/com/nageoffer/shortlink/admin/dao/entity/GroupDO.java", "Java", 0, 0, 0, 0, 0, 0, 0, 0, 0, 19, 0, 0, 34, 9, 62
"/home/winter/Desktop/Nishant/spring-projects/shortlink/shortlink/admin/src/main/java/com/nageoffer/shortlink/admin/dao/entity/GroupUniqueDO.java", "Java", 0, 0, 0, 0, 0, 0, 0, 0, 0, 15, 0, 0, 25, 6, 46
"/home/winter/Desktop/Nishant/spring-projects/shortlink/shortlink/admin/src/main/java/com/nageoffer/shortlink/admin/dao/entity/UserDO.java", "Java", 0, 0, 0, 0, 0, 0, 0, 0, 0, 15, 0, 0, 40, 11, 66
"/home/winter/Desktop/Nishant/spring-projects/shortlink/shortlink/admin/src/main/java/com/nageoffer/shortlink/admin/dao/mapper/GroupMapper.java", "Java", 0, 0, 0, 0, 0, 0, 0, 0, 0, 5, 0, 0, 45, 4, 54
"/home/winter/Desktop/Nishant/spring-projects/shortlink/shortlink/admin/src/main/java/com/nageoffer/shortlink/admin/dao/mapper/GroupUniqueMapper.java", "Java", 0, 0, 0, 0, 0, 0, 0, 0, 0, 5, 0, 0, 47, 4, 56
"/home/winter/Desktop/Nishant/spring-projects/shortlink/shortlink/admin/src/main/java/com/nageoffer/shortlink/admin/dao/mapper/UserMapper.java", "Java", 0, 0, 0, 0, 0, 0, 0, 0, 0, 5, 0, 0, 54, 4, 63
"/home/winter/Desktop/Nishant/spring-projects/shortlink/shortlink/admin/src/main/java/com/nageoffer/shortlink/admin/dto/req/RecycleBinRecoverReqDTO.java", "Java", 0, 0, 0, 0, 0, 0, 0, 0, 0, 7, 0, 0, 26, 6, 39
"/home/winter/Desktop/Nishant/spring-projects/shortlink/shortlink/admin/src/main/java/com/nageoffer/shortlink/admin/dto/req/RecycleBinRemoveReqDTO.java", "Java", 0, 0, 0, 0, 0, 0, 0, 0, 0, 7, 0, 0, 26, 6, 39
"/home/winter/Desktop/Nishant/spring-projects/shortlink/shortlink/admin/src/main/java/com/nageoffer/shortlink/admin/dto/req/RecycleBinSaveReqDTO.java", "Java", 0, 0, 0, 0, 0, 0, 0, 0, 0, 7, 0, 0, 26, 6, 39
"/home/winter/Desktop/Nishant/spring-projects/shortlink/shortlink/admin/src/main/java/com/nageoffer/shortlink/admin/dto/req/ShortLinkGroupSaveReqDTO.java", "Java", 0, 0, 0, 0, 0, 0, 0, 0, 0, 6, 0, 0, 23, 5, 34
"/home/winter/Desktop/Nishant/spring-projects/shortlink/shortlink/admin/src/main/java/com/nageoffer/shortlink/admin/dto/req/ShortLinkGroupSortReqDTO.java", "Java", 0, 0, 0, 0, 0, 0, 0, 0, 0, 7, 0, 0, 26, 6, 39
"/home/winter/Desktop/Nishant/spring-projects/shortlink/shortlink/admin/src/main/java/com/nageoffer/shortlink/admin/dto/req/ShortLinkGroupUpdateReqDTO.java", "Java", 0, 0, 0, 0, 0, 0, 0, 0, 0, 7, 0, 0, 26, 6, 39
"/home/winter/Desktop/Nishant/spring-projects/shortlink/shortlink/admin/src/main/java/com/nageoffer/shortlink/admin/dto/req/UserLoginReqDTO.java", "Java", 0, 0, 0, 0, 0, 0, 0, 0, 0, 7, 0, 0, 25, 6, 38
"/home/winter/Desktop/Nishant/spring-projects/shortlink/shortlink/admin/src/main/java/com/nageoffer/shortlink/admin/dto/req/UserRegisterReqDTO.java", "Java", 0, 0, 0, 0, 0, 0, 0, 0, 0, 10, 0, 0, 35, 9, 54
"/home/winter/Desktop/Nishant/spring-projects/shortlink/shortlink/admin/src/main/java/com/nageoffer/shortlink/admin/dto/req/UserUpdateReqDTO.java", "Java", 0, 0, 0, 0, 0, 0, 0, 0, 0, 10, 0, 0, 35, 9, 54
"/home/winter/Desktop/Nishant/spring-projects/shortlink/shortlink/admin/src/main/java/com/nageoffer/shortlink/admin/dto/resp/ShortLinkGroupRespDTO.java", "Java", 0, 0, 0, 0, 0, 0, 0, 0, 0, 9, 0, 0, 32, 8, 49
"/home/winter/Desktop/Nishant/spring-projects/shortlink/shortlink/admin/src/main/java/com/nageoffer/shortlink/admin/dto/resp/UserActualRespDTO.java", "Java", 0, 0, 0, 0, 0, 0, 0, 0, 0, 10, 0, 0, 35, 9, 54
"/home/winter/Desktop/Nishant/spring-projects/shortlink/shortlink/admin/src/main/java/com/nageoffer/shortlink/admin/dto/resp/UserLoginRespDTO.java", "Java", 0, 0, 0, 0, 0, 0, 0, 0, 0, 10, 0, 0, 23, 5, 38
"/home/winter/Desktop/Nishant/spring-projects/shortlink/shortlink/admin/src/main/java/com/nageoffer/shortlink/admin/dto/resp/UserRespDTO.java", "Java", 0, 0, 0, 0, 0, 0, 0, 0, 0, 13, 0, 0, 35, 9, 57
"/home/winter/Desktop/Nishant/spring-projects/shortlink/shortlink/admin/src/main/java/com/nageoffer/shortlink/admin/remote/ShortLinkActualRemoteService.java", "Java", 0, 0, 0, 0, 0, 0, 0, 0, 0, 78, 0, 0, 119, 20, 217
"/home/winter/Desktop/Nishant/spring-projects/shortlink/shortlink/admin/src/main/java/com/nageoffer/shortlink/admin/remote/dto/req/ShortLinkBatchCreateReqDTO.java", "Java", 0, 0, 0, 0, 0, 0, 0, 0, 0, 15, 0, 0, 38, 11, 64
"/home/winter/Desktop/Nishant/spring-projects/shortlink/shortlink/admin/src/main/java/com/nageoffer/shortlink/admin/remote/dto/req/ShortLinkCreateReqDTO.java", "Java", 0, 0, 0, 0, 0, 0, 0, 0, 0, 15, 0, 0, 41, 12, 68
"/home/winter/Desktop/Nishant/spring-projects/shortlink/shortlink/admin/src/main/java/com/nageoffer/shortlink/admin/remote/dto/req/ShortLinkGroupStatsAccessRecordReqDTO.java", "Java", 0, 0, 0, 0, 0, 0, 0, 0, 0, 9, 0, 0, 29, 7, 45
"/home/winter/Desktop/Nishant/spring-projects/shortlink/shortlink/admin/src/main/java/com/nageoffer/shortlink/admin/remote/dto/req/ShortLinkGroupStatsReqDTO.java", "Java", 0, 0, 0, 0, 0, 0, 0, 0, 0, 8, 0, 0, 29, 7, 44
"/home/winter/Desktop/Nishant/spring-projects/shortlink/shortlink/admin/src/main/java/com/nageoffer/shortlink/admin/remote/dto/req/ShortLinkPageReqDTO.java", "Java", 0, 0, 0, 0, 0, 0, 0, 0, 0, 8, 0, 0, 26, 6, 40
"/home/winter/Desktop/Nishant/spring-projects/shortlink/shortlink/admin/src/main/java/com/nageoffer/shortlink/admin/remote/dto/req/ShortLinkRecycleBinPageReqDTO.java", "Java", 0, 0, 0, 0, 0, 0, 0, 0, 0, 8, 0, 0, 23, 6, 37
"/home/winter/Desktop/Nishant/spring-projects/shortlink/shortlink/admin/src/main/java/com/nageoffer/shortlink/admin/remote/dto/req/ShortLinkStatsAccessRecordReqDTO.java", "Java", 0, 0, 0, 0, 0, 0, 0, 0, 0, 11, 0, 0, 35, 9, 55
"/home/winter/Desktop/Nishant/spring-projects/shortlink/shortlink/admin/src/main/java/com/nageoffer/shortlink/admin/remote/dto/req/ShortLinkStatsReqDTO.java", "Java", 0, 0, 0, 0, 0, 0, 0, 0, 0, 10, 0, 0, 35, 9, 54
"/home/winter/Desktop/Nishant/spring-projects/shortlink/shortlink/admin/src/main/java/com/nageoffer/shortlink/admin/remote/dto/req/ShortLinkUpdateReqDTO.java", "Java", 0, 0, 0, 0, 0, 0, 0, 0, 0, 15, 0, 0, 41, 12, 68
"/home/winter/Desktop/Nishant/spring-projects/shortlink/shortlink/admin/src/main/java/com/nageoffer/shortlink/admin/remote/dto/resp/ShortLinkBaseInfoRespDTO.java", "Java", 0, 0, 0, 0, 0, 0, 0, 0, 0, 23, 0, 0, 29, 7, 59
"/home/winter/Desktop/Nishant/spring-projects/shortlink/shortlink/admin/src/main/java/com/nageoffer/shortlink/admin/remote/dto/resp/ShortLinkBatchCreateRespDTO.java", "Java", 0, 0, 0, 0, 0, 0, 0, 0, 0, 14, 0, 0, 26, 7, 47
"/home/winter/Desktop/Nishant/spring-projects/shortlink/shortlink/admin/src/main/java/com/nageoffer/shortlink/admin/remote/dto/resp/ShortLinkCreateRespDTO.java", "Java", 0, 0, 0, 0, 0, 0, 0, 0, 0, 14, 0, 0, 29, 7, 50
"/home/winter/Desktop/Nishant/spring-projects/shortlink/shortlink/admin/src/main/java/com/nageoffer/shortlink/admin/remote/dto/resp/ShortLinkGroupCountQueryRespDTO.java", "Java", 0, 0, 0, 0, 0, 0, 0, 0, 0, 7, 0, 0, 26, 6, 39
"/home/winter/Desktop/Nishant/spring-projects/shortlink/shortlink/admin/src/main/java/com/nageoffer/shortlink/admin/remote/dto/resp/ShortLinkPageRespDTO.java", "Java", 0, 0, 0, 0, 0, 0, 0, 0, 0, 27, 0, 0, 74, 24, 125
"/home/winter/Desktop/Nishant/spring-projects/shortlink/shortlink/admin/src/main/java/com/nageoffer/shortlink/admin/remote/dto/resp/ShortLinkStatsAccessDailyRespDTO.java", "Java", 0, 0, 0, 0, 0, 0, 0, 0, 0, 12, 0, 0, 32, 9, 53
"/home/winter/Desktop/Nishant/spring-projects/shortlink/shortlink/admin/src/main/java/com/nageoffer/shortlink/admin/remote/dto/resp/ShortLinkStatsAccessRecordRespDTO.java", "Java", 0, 0, 0, 0, 0, 0, 0, 0, 0, 23, 0, 0, 47, 14, 84
"/home/winter/Desktop/Nishant/spring-projects/shortlink/shortlink/admin/src/main/java/com/nageoffer/shortlink/admin/remote/dto/resp/ShortLinkStatsBrowserRespDTO.java", "Java", 0, 0, 0, 0, 0, 0, 0, 0, 0, 14, 0, 0, 29, 7, 50
"/home/winter/Desktop/Nishant/spring-projects/shortlink/shortlink/admin/src/main/java/com/nageoffer/shortlink/admin/remote/dto/resp/ShortLinkStatsDeviceRespDTO.java", "Java", 0, 0, 0, 0, 0, 0, 0, 0, 0, 14, 0, 0, 29, 7, 50
"/home/winter/Desktop/Nishant/spring-projects/shortlink/shortlink/admin/src/main/java/com/nageoffer/shortlink/admin/remote/dto/resp/ShortLinkStatsLocaleCNRespDTO.java", "Java", 0, 0, 0, 0, 0, 0, 0, 0, 0, 14, 0, 0, 29, 7, 50
"/home/winter/Desktop/Nishant/spring-projects/shortlink/shortlink/admin/src/main/java/com/nageoffer/shortlink/admin/remote/dto/resp/ShortLinkStatsNetworkRespDTO.java", "Java", 0, 0, 0, 0, 0, 0, 0, 0, 0, 14, 0, 0, 29, 7, 50
"/home/winter/Desktop/Nishant/spring-projects/shortlink/shortlink/admin/src/main/java/com/nageoffer/shortlink/admin/remote/dto/resp/ShortLinkStatsOsRespDTO.java", "Java", 0, 0, 0, 0, 0, 0, 0, 0, 0, 14, 0, 0, 29, 7, 50
"/home/winter/Desktop/Nishant/spring-projects/shortlink/shortlink/admin/src/main/java/com/nageoffer/shortlink/admin/remote/dto/resp/ShortLinkStatsRespDTO.java", "Java", 0, 0, 0, 0, 0, 0, 0, 0, 0, 25, 0, 0, 59, 18, 102
"/home/winter/Desktop/Nishant/spring-projects/shortlink/shortlink/admin/src/main/java/com/nageoffer/shortlink/admin/remote/dto/resp/ShortLinkStatsTopIpRespDTO.java", "Java", 0, 0, 0, 0, 0, 0, 0, 0, 0, 13, 0, 0, 26, 6, 45
"/home/winter/Desktop/Nishant/spring-projects/shortlink/shortlink/admin/src/main/java/com/nageoffer/shortlink/admin/remote/dto/resp/ShortLinkStatsUvRespDTO.java", "Java", 0, 0, 0, 0, 0, 0, 0, 0, 0, 14, 0, 0, 29, 7, 50
"/home/winter/Desktop/Nishant/spring-projects/shortlink/shortlink/admin/src/main/java/com/nageoffer/shortlink/admin/service/GroupService.java", "Java", 0, 0, 0, 0, 0, 0, 0, 0, 0, 15, 0, 0, 51, 11, 77
"/home/winter/Desktop/Nishant/spring-projects/shortlink/shortlink/admin/src/main/java/com/nageoffer/shortlink/admin/service/RecycleBinService.java", "Java", 0, 0, 0, 0, 0, 0, 0, 0, 0, 8, 0, 0, 26, 5, 39
"/home/winter/Desktop/Nishant/spring-projects/shortlink/shortlink/admin/src/main/java/com/nageoffer/shortlink/admin/service/UserService.java", "Java", 0, 0, 0, 0, 0, 0, 0, 0, 0, 17, 0, 0, 61, 11, 89
"/home/winter/Desktop/Nishant/spring-projects/shortlink/shortlink/admin/src/main/java/com/nageoffer/shortlink/admin/service/impl/GroupServiceImpl.java", "Java", 0, 0, 0, 0, 0, 0, 0, 0, 0, 153, 0, 0, 20, 15, 188
"/home/winter/Desktop/Nishant/spring-projects/shortlink/shortlink/admin/src/main/java/com/nageoffer/shortlink/admin/service/impl/RecycleBinServiceImpl.java", "Java", 0, 0, 0, 0, 0, 0, 0, 0, 0, 35, 0, 0, 20, 7, 62
"/home/winter/Desktop/Nishant/spring-projects/shortlink/shortlink/admin/src/main/java/com/nageoffer/shortlink/admin/service/impl/UserServiceImpl.java", "Java", 0, 0, 0, 0, 0, 0, 0, 0, 0, 131, 0, 0, 27, 14, 172
"/home/winter/Desktop/Nishant/spring-projects/shortlink/shortlink/admin/src/main/java/com/nageoffer/shortlink/admin/toolkit/EasyExcelWebUtil.java", "Java", 0, 0, 0, 0, 0, 0, 0, 0, 0, 17, 0, 0, 28, 6, 51
"/home/winter/Desktop/Nishant/spring-projects/shortlink/shortlink/admin/src/main/java/com/nageoffer/shortlink/admin/toolkit/RandomGenerator.java", "Java", 0, 0, 0, 0, 0, 0, 0, 0, 0, 17, 0, 0, 31, 7, 55
"/home/winter/Desktop/Nishant/spring-projects/shortlink/shortlink/admin/src/main/resources/application.yaml", "YAML", 0, 0, 0, 0, 0, 0, 0, 0, 24, 0, 0, 0, 0, 3, 27
"/home/winter/Desktop/Nishant/spring-projects/shortlink/shortlink/admin/src/main/resources/lua/user_flow_risk_control.lua", "Lua", 0, 0, 0, 0, 0, 0, 0, 0, 0, 0, 0, 8, 5, 5, 18
"/home/winter/Desktop/Nishant/spring-projects/shortlink/shortlink/admin/src/main/resources/shardingsphere-config-dev.yaml", "YAML", 0, 0, 0, 0, 0, 0, 0, 0, 49, 0, 0, 0, 0, 1, 50
"/home/winter/Desktop/Nishant/spring-projects/shortlink/shortlink/admin/src/main/resources/shardingsphere-config-prod.yaml", "YAML", 0, 0, 0, 0, 0, 0, 0, 0, 49, 0, 0, 0, 0, 1, 50
"/home/winter/Desktop/Nishant/spring-projects/shortlink/shortlink/admin/src/test/java/com/nageoffer/shortlink/admin/test/UserTableShardingTest.java", "Java", 0, 0, 0, 0, 0, 0, 0, 0, 0, 22, 0, 0, 16, 5, 43
"/home/winter/Desktop/Nishant/spring-projects/shortlink/shortlink/aggregation/pom.xml", "XML", 47, 0, 0, 0, 0, 0, 0, 0, 0, 0, 0, 0, 0, 6, 53
"/home/winter/Desktop/Nishant/spring-projects/shortlink/shortlink/aggregation/src/main/java/com/nageoffer/shortlink/aggregation/AggregationServiceApplication.java", "Java", 0, 0, 0, 0, 0, 0, 0, 0, 0, 20, 0, 0, 20, 4, 44
"/home/winter/Desktop/Nishant/spring-projects/shortlink/shortlink/aggregation/src/main/java/com/nageoffer/shortlink/aggregation/config/DemoModeConfiguration.java", "Java", 0, 0, 0, 0, 0, 0, 0, 0, 0, 40, 0, 0, 19, 9, 68
"/home/winter/Desktop/Nishant/spring-projects/shortlink/shortlink/aggregation/src/main/java/com/nageoffer/shortlink/aggregation/config/DemoModeProperties.java", "Java", 0, 0, 0, 0, 0, 0, 0, 0, 0, 12, 0, 0, 26, 7, 45
"/home/winter/Desktop/Nishant/spring-projects/shortlink/shortlink/aggregation/src/main/resources/application.yaml", "YAML", 0, 0, 0, 0, 0, 0, 0, 0, 67, 0, 0, 0, 0, 6, 73
"/home/winter/Desktop/Nishant/spring-projects/shortlink/shortlink/aggregation/src/main/resources/shardingsphere-config-dev.yaml", "YAML", 0, 0, 0, 0, 0, 0, 0, 0, 69, 0, 0, 0, 0, 2, 71
"/home/winter/Desktop/Nishant/spring-projects/shortlink/shortlink/aggregation/src/main/resources/shardingsphere-config-prod.yaml", "YAML", 0, 0, 0, 0, 0, 0, 0, 0, 69, 0, 0, 0, 0, 2, 71
"/home/winter/Desktop/Nishant/spring-projects/shortlink/shortlink/console-vue/.eslintrc.cjs", "JavaScript", 0, 0, 12, 0, 0, 0, 0, 0, 0, 0, 0, 0, 1, 2, 15
"/home/winter/Desktop/Nishant/spring-projects/shortlink/shortlink/console-vue/.prettierrc.json", "JSON", 0, 0, 0, 0, 0, 0, 8, 0, 0, 0, 0, 0, 0, 0, 8
"/home/winter/Desktop/Nishant/spring-projects/shortlink/shortlink/console-vue/README.md", "Markdown", 0, 0, 0, 0, 0, 22, 0, 0, 0, 0, 0, 0, 0, 14, 36
"/home/winter/Desktop/Nishant/spring-projects/shortlink/shortlink/console-vue/index.html", "HTML", 0, 0, 0, 15, 0, 0, 0, 0, 0, 0, 0, 0, 0, 1, 16
"/home/winter/Desktop/Nishant/spring-projects/shortlink/shortlink/console-vue/package-lock.json", "JSON", 0, 0, 0, 0, 0, 0, 10563, 0, 0, 0, 0, 0, 0, 1, 10564
"/home/winter/Desktop/Nishant/spring-projects/shortlink/shortlink/console-vue/package.json", "JSON", 0, 0, 0, 0, 0, 0, 42, 0, 0, 0, 0, 0, 0, 1, 43
"/home/winter/Desktop/Nishant/spring-projects/shortlink/shortlink/console-vue/pnpm-lock.yaml", "YAML", 0, 0, 0, 0, 0, 0, 0, 0, 4148, 0, 0, 0, 0, 496, 4644
"/home/winter/Desktop/Nishant/spring-projects/shortlink/shortlink/console-vue/src/api/axios.js", "JavaScript", 0, 0, 36, 0, 0, 0, 0, 0, 0, 0, 0, 0, 9, 2, 47
"/home/winter/Desktop/Nishant/spring-projects/shortlink/shortlink/console-vue/src/api/index.js", "JavaScript", 0, 0, 9, 0, 0, 0, 0, 0, 0, 0, 0, 0, 0, 2, 11
"/home/winter/Desktop/Nishant/spring-projects/shortlink/shortlink/console-vue/src/api/modules/group.js", "JavaScript", 0, 0, 52, 0, 0, 0, 0, 0, 0, 0, 0, 0, 6, 0, 58
"/home/winter/Desktop/Nishant/spring-projects/shortlink/shortlink/console-vue/src/api/modules/smallLinkPage.js", "JavaScript", 0, 0, 81, 0, 0, 0, 0, 0, 0, 0, 0, 0, 7, 1, 89
"/home/winter/Desktop/Nishant/spring-projects/shortlink/shortlink/console-vue/src/api/modules/user.js", "JavaScript", 0, 0, 43, 0, 0, 0, 0, 0, 0, 0, 0, 0, 6, 1, 50
"/home/winter/Desktop/Nishant/spring-projects/shortlink/shortlink/console-vue/src/assets/base.css", "CSS", 0, 0, 0, 0, 0, 0, 0, 0, 0, 0, 71, 0, 2, 14, 87
"/home/winter/Desktop/Nishant/spring-projects/shortlink/shortlink/console-vue/src/assets/logo.svg", "XML", 1, 0, 0, 0, 0, 0, 0, 0, 0, 0, 0, 0, 0, 1, 2
"/home/winter/Desktop/Nishant/spring-projects/shortlink/shortlink/console-vue/src/assets/main.css", "CSS", 0, 0, 0, 0, 0, 0, 0, 0, 0, 0, 53, 0, 0, 9, 62
"/home/winter/Desktop/Nishant/spring-projects/shortlink/shortlink/console-vue/src/assets/svg/二维码.svg", "XML", 1, 0, 0, 0, 0, 0, 0, 0, 0, 0, 0, 0, 0, 0, 1
"/home/winter/Desktop/Nishant/spring-projects/shortlink/shortlink/console-vue/src/assets/svg/添加.svg", "XML", 1, 0, 0, 0, 0, 0, 0, 0, 0, 0, 0, 0, 0, 0, 1
"/home/winter/Desktop/Nishant/spring-projects/shortlink/shortlink/console-vue/src/assets/svg/移动竖.svg", "XML", 1, 0, 0, 0, 0, 0, 0, 0, 0, 0, 0, 0, 0, 0, 1
"/home/winter/Desktop/Nishant/spring-projects/shortlink/shortlink/console-vue/src/assets/svg/链接.svg", "XML", 1, 0, 0, 0, 0, 0, 0, 0, 0, 0, 0, 0, 0, 0, 1
"/home/winter/Desktop/Nishant/spring-projects/shortlink/shortlink/console-vue/src/assets/svg/随机.svg", "XML", 1, 0, 0, 0, 0, 0, 0, 0, 0, 0, 0, 0, 0, 0, 1
"/home/winter/Desktop/Nishant/spring-projects/shortlink/shortlink/console-vue/src/core/auth.js", "JavaScript", 0, 0, 20, 0, 0, 0, 0, 0, 0, 0, 0, 0, 0, 9, 29
"/home/winter/Desktop/Nishant/spring-projects/shortlink/shortlink/console-vue/src/main.js", "JavaScript", 0, 0, 20, 0, 0, 0, 0, 0, 0, 0, 0, 0, 4, 6, 30
"/home/winter/Desktop/Nishant/spring-projects/shortlink/shortlink/console-vue/src/router/index.js", "JavaScript", 0, 0, 58, 0, 0, 0, 0, 0, 0, 0, 0, 0, 3, 3, 64
"/home/winter/Desktop/Nishant/spring-projects/shortlink/shortlink/console-vue/src/store/index.js", "JavaScript", 0, 0, 9, 0, 0, 0, 0, 0, 0, 0, 0, 0, 2, 3, 14
"/home/winter/Desktop/Nishant/spring-projects/shortlink/shortlink/console-vue/src/style.scss", "SCSS", 0, 0, 0, 0, 0, 0, 0, 307, 0, 0, 0, 0, 1, 64, 372
"/home/winter/Desktop/Nishant/spring-projects/shortlink/shortlink/console-vue/src/utils/plugins.js", "JavaScript", 0, 0, 140, 0, 0, 0, 0, 0, 0, 0, 0, 0, 31, 15, 186
"/home/winter/Desktop/Nishant/spring-projects/shortlink/shortlink/console-vue/vite.config.js", "JavaScript", 0, 0, 23, 0, 0, 0, 0, 0, 0, 0, 0, 0, 1, 3, 27
"/home/winter/Desktop/Nishant/spring-projects/shortlink/shortlink/format/short-link_spotless_formatter.xml", "XML", 32, 0, 0, 0, 0, 0, 0, 0, 0, 0, 0, 0, 19, 2, 53
"/home/winter/Desktop/Nishant/spring-projects/shortlink/shortlink/gateway/pom.xml", "XML", 54, 0, 0, 0, 0, 0, 0, 0, 0, 0, 0, 0, 1, 8, 63
"/home/winter/Desktop/Nishant/spring-projects/shortlink/shortlink/gateway/src/main/java/com/nageoffer/shortlink/gateway/GatewayServiceApplication.java", "Java", 0, 0, 0, 0, 0, 0, 0, 0, 0, 9, 0, 0, 20, 5, 34
"/home/winter/Desktop/Nishant/spring-projects/shortlink/shortlink/gateway/src/main/java/com/nageoffer/shortlink/gateway/config/Config.java", "Java", 0, 0, 0, 0, 0, 0, 0, 0, 0, 7, 0, 0, 23, 6, 36
"/home/winter/Desktop/Nishant/spring-projects/shortlink/shortlink/gateway/src/main/java/com/nageoffer/shortlink/gateway/dto/GatewayErrorResult.java", "Java", 0, 0, 0, 0, 0, 0, 0, 0, 0, 13, 0, 0, 26, 6, 45
"/home/winter/Desktop/Nishant/spring-projects/shortlink/shortlink/gateway/src/main/java/com/nageoffer/shortlink/gateway/filter/TokenValidateGatewayFilterFactory.java", "Java", 0, 0, 0, 0, 0, 0, 0, 0, 0, 63, 0, 0, 19, 9, 91
"/home/winter/Desktop/Nishant/spring-projects/shortlink/shortlink/gateway/src/main/resources/application-aggregation.yaml", "YAML", 0, 0, 0, 0, 0, 0, 0, 0, 20, 0, 0, 0, 0, 2, 22
"/home/winter/Desktop/Nishant/spring-projects/shortlink/shortlink/gateway/src/main/resources/application-dev.yaml", "YAML", 0, 0, 0, 0, 0, 0, 0, 0, 20, 0, 0, 0, 0, 2, 22
"/home/winter/Desktop/Nishant/spring-projects/shortlink/shortlink/gateway/src/main/resources/application.yaml", "YAML", 0, 0, 0, 0, 0, 0, 0, 0, 16, 0, 0, 0, 1, 1, 18
"/home/winter/Desktop/Nishant/spring-projects/shortlink/shortlink/mvnw.cmd", "Batch", 0, 0, 0, 0, 118, 0, 0, 0, 0, 0, 0, 0, 51, 37, 206
"/home/winter/Desktop/Nishant/spring-projects/shortlink/shortlink/pom.xml", "XML", 149, 0, 0, 0, 0, 0, 0, 0, 0, 0, 0, 0, 4, 19, 172
"/home/winter/Desktop/Nishant/spring-projects/shortlink/shortlink/project/pom.xml", "XML", 72, 0, 0, 0, 0, 0, 0, 0, 0, 0, 0, 0, 0, 14, 86
"/home/winter/Desktop/Nishant/spring-projects/shortlink/shortlink/project/src/main/java/com/nageoffer/shortlink/project/ShortLinkApplication.java", "Java", 0, 0, 0, 0, 0, 0, 0, 0, 0, 13, 0, 0, 20, 5, 38
"/home/winter/Desktop/Nishant/spring-projects/shortlink/shortlink/project/src/main/java/com/nageoffer/shortlink/project/common/biz/user/UserContext.java", "Java", 0, 0, 0, 0, 0, 0, 0, 0, 0, 24, 0, 0, 46, 10, 80
"/home/winter/Desktop/Nishant/spring-projects/shortlink/shortlink/project/src/main/java/com/nageoffer/shortlink/project/common/biz/user/UserInfoDTO.java", "Java", 0, 0, 0, 0, 0, 0, 0, 0, 0, 16, 0, 0, 29, 6, 51
"/home/winter/Desktop/Nishant/spring-projects/shortlink/shortlink/project/src/main/java/com/nageoffer/shortlink/project/common/biz/user/UserTransmitInterceptor.java", "Java", 0, 0, 0, 0, 0, 0, 0, 0, 0, 25, 0, 0, 20, 5, 50
"/home/winter/Desktop/Nishant/spring-projects/shortlink/shortlink/project/src/main/java/com/nageoffer/shortlink/project/common/constant/RedisKeyConstant.java", "Java", 0, 0, 0, 0, 0, 0, 0, 0, 0, 13, 0, 0, 50, 13, 76
"/home/winter/Desktop/Nishant/spring-projects/shortlink/shortlink/project/src/main/java/com/nageoffer/shortlink/project/common/constant/ShortLinkConstant.java", "Java", 0, 0, 0, 0, 0, 0, 0, 0, 0, 5, 0, 0, 26, 5, 36
"/home/winter/Desktop/Nishant/spring-projects/shortlink/shortlink/project/src/main/java/com/nageoffer/shortlink/project/common/convention/errorcode/BaseErrorCode.java", "Java", 0, 0, 0, 0, 0, 0, 0, 0, 0, 31, 0, 0, 25, 13, 69
"/home/winter/Desktop/Nishant/spring-projects/shortlink/shortlink/project/src/main/java/com/nageoffer/shortlink/project/common/convention/errorcode/IErrorCode.java", "Java", 0, 0, 0, 0, 0, 0, 0, 0, 0, 5, 0, 0, 26, 5, 36
"/home/winter/Desktop/Nishant/spring-projects/shortlink/shortlink/project/src/main/java/com/nageoffer/shortlink/project/common/convention/exception/AbstractException.java", "Java", 0, 0, 0, 0, 0, 0, 0, 0, 0, 15, 0, 0, 24, 8, 47
"/home/winter/Desktop/Nishant/spring-projects/shortlink/shortlink/project/src/main/java/com/nageoffer/shortlink/project/common/convention/exception/ClientException.java", "Java", 0, 0, 0, 0, 0, 0, 0, 0, 0, 24, 0, 0, 20, 9, 53
"/home/winter/Desktop/Nishant/spring-projects/shortlink/shortlink/project/src/main/java/com/nageoffer/shortlink/project/common/convention/exception/RemoteException.java", "Java", 0, 0, 0, 0, 0, 0, 0, 0, 0, 21, 0, 0, 20, 7, 48
"/home/winter/Desktop/Nishant/spring-projects/shortlink/shortlink/project/src/main/java/com/nageoffer/shortlink/project/common/convention/exception/ServiceException.java", "Java", 0, 0, 0, 0, 0, 0, 0, 0, 0, 25, 0, 0, 20, 11, 56
"/home/winter/Desktop/Nishant/spring-projects/shortlink/shortlink/project/src/main/java/com/nageoffer/shortlink/project/common/convention/result/Result.java", "Java", 0, 0, 0, 0, 0, 0, 0, 0, 0, 19, 0, 0, 35, 12, 66
"/home/winter/Desktop/Nishant/spring-projects/shortlink/shortlink/project/src/main/java/com/nageoffer/shortlink/project/common/convention/result/Results.java", "Java", 0, 0, 0, 0, 0, 0, 0, 0, 0, 34, 0, 0, 35, 10, 79
"/home/winter/Desktop/Nishant/spring-projects/shortlink/shortlink/project/src/main/java/com/nageoffer/shortlink/project/common/database/BaseDO.java", "Java", 0, 0, 0, 0, 0, 0, 0, 0, 0, 14, 0, 0, 29, 8, 51
"/home/winter/Desktop/Nishant/spring-projects/shortlink/shortlink/project/src/main/java/com/nageoffer/shortlink/project/common/enums/VailDateTypeEnum.java", "Java", 0, 0, 0, 0, 0, 0, 0, 0, 0, 10, 0, 0, 26, 7, 43
"/home/winter/Desktop/Nishant/spring-projects/shortlink/shortlink/project/src/main/java/com/nageoffer/shortlink/project/common/web/GlobalExceptionHandler.java", "Java", 0, 0, 0, 0, 0, 0, 0, 0, 0, 54, 0, 0, 29, 9, 92
"/home/winter/Desktop/Nishant/spring-projects/shortlink/shortlink/project/src/main/java/com/nageoffer/shortlink/project/config/DataBaseConfiguration.java", "Java", 0, 0, 0, 0, 0, 0, 0, 0, 0, 17, 0, 0, 23, 5, 45
"/home/winter/Desktop/Nishant/spring-projects/shortlink/shortlink/project/src/main/java/com/nageoffer/shortlink/project/config/GotoDomainWhiteListConfiguration.java", "Java", 0, 0, 0, 0, 0, 0, 0, 0, 0, 13, 0, 0, 29, 8, 50
"/home/winter/Desktop/Nishant/spring-projects/shortlink/shortlink/project/src/main/java/com/nageoffer/shortlink/project/config/MyMetaObjectHandler.java", "Java", 0, 0, 0, 0, 0, 0, 0, 0, 0, 18, 0, 0, 20, 7, 45
"/home/winter/Desktop/Nishant/spring-projects/shortlink/shortlink/project/src/main/java/com/nageoffer/shortlink/project/config/RBloomFilterConfiguration.java", "Java", 0, 0, 0, 0, 0, 0, 0, 0, 0, 14, 0, 0, 23, 5, 42
"/home/winter/Desktop/Nishant/spring-projects/shortlink/shortlink/project/src/main/java/com/nageoffer/shortlink/project/config/RedisStreamConfiguration.java", "Java", 0, 0, 0, 0, 0, 0, 0, 0, 0, 63, 0, 0, 23, 9, 95
"/home/winter/Desktop/Nishant/spring-projects/shortlink/shortlink/project/src/main/java/com/nageoffer/shortlink/project/config/SentinelRuleConfig.java", "Java", 0, 0, 0, 0, 0, 0, 0, 0, 0, 21, 0, 0, 20, 6, 47
"/home/winter/Desktop/Nishant/spring-projects/shortlink/shortlink/project/src/main/java/com/nageoffer/shortlink/project/config/UserConfiguration.java", "Java", 0, 0, 0, 0, 0, 0, 0, 0, 0, 16, 0, 0, 23, 5, 44
"/home/winter/Desktop/Nishant/spring-projects/shortlink/shortlink/project/src/main/java/com/nageoffer/shortlink/project/controller/RecycleBinController.java", "Java", 0, 0, 0, 0, 0, 0, 0, 0, 0, 39, 0, 0, 32, 9, 80
"/home/winter/Desktop/Nishant/spring-projects/shortlink/shortlink/project/src/main/java/com/nageoffer/shortlink/project/controller/ShortLinkController.java", "Java", 0, 0, 0, 0, 0, 0, 0, 0, 0, 64, 0, 0, 40, 13, 117
"/home/winter/Desktop/Nishant/spring-projects/shortlink/shortlink/project/src/main/java/com/nageoffer/shortlink/project/controller/ShortLinkNotfoundController.java", "Java", 0, 0, 0, 0, 0, 0, 0, 0, 0, 10, 0, 0, 23, 5, 38
"/home/winter/Desktop/Nishant/spring-projects/shortlink/shortlink/project/src/main/java/com/nageoffer/shortlink/project/controller/ShortLinkStatsController.java", "Java", 0, 0, 0, 0, 0, 0, 0, 0, 0, 35, 0, 0, 32, 9, 76
"/home/winter/Desktop/Nishant/spring-projects/shortlink/shortlink/project/src/main/java/com/nageoffer/shortlink/project/controller/UrlTitleController.java", "Java", 0, 0, 0, 0, 0, 0, 0, 0, 0, 17, 0, 0, 23, 6, 46
"/home/winter/Desktop/Nishant/spring-projects/shortlink/shortlink/project/src/main/java/com/nageoffer/shortlink/project/dao/entity/GroupDO.java", "Java", 0, 0, 0, 0, 0, 0, 0, 0, 0, 19, 0, 0, 35, 9, 63
"/home/winter/Desktop/Nishant/spring-projects/shortlink/shortlink/project/src/main/java/com/nageoffer/shortlink/project/dao/entity/LinkAccessLogsDO.java", "Java", 0, 0, 0, 0, 0, 0, 0, 0, 0, 23, 0, 0, 47, 13, 83
"/home/winter/Desktop/Nishant/spring-projects/shortlink/shortlink/project/src/main/java/com/nageoffer/shortlink/project/dao/entity/LinkAccessStatsDO.java", "Java", 0, 0, 0, 0, 0, 0, 0, 0, 0, 23, 0, 0, 44, 13, 80
"/home/winter/Desktop/Nishant/spring-projects/shortlink/shortlink/project/src/main/java/com/nageoffer/shortlink/project/dao/entity/LinkBrowserStatsDO.java", "Java", 0, 0, 0, 0, 0, 0, 0, 0, 0, 20, 0, 0, 35, 10, 65
"/home/winter/Desktop/Nishant/spring-projects/shortlink/shortlink/project/src/main/java/com/nageoffer/shortlink/project/dao/entity/LinkDeviceStatsDO.java", "Java", 0, 0, 0, 0, 0, 0, 0, 0, 0, 20, 0, 0, 35, 10, 65
"/home/winter/Desktop/Nishant/spring-projects/shortlink/shortlink/project/src/main/java/com/nageoffer/shortlink/project/dao/entity/LinkLocaleStatsDO.java", "Java", 0, 0, 0, 0, 0, 0, 0, 0, 0, 23, 0, 0, 44, 13, 80
"/home/winter/Desktop/Nishant/spring-projects/shortlink/shortlink/project/src/main/java/com/nageoffer/shortlink/project/dao/entity/LinkNetworkStatsDO.java", "Java", 0, 0, 0, 0, 0, 0, 0, 0, 0, 20, 0, 0, 35, 10, 65
"/home/winter/Desktop/Nishant/spring-projects/shortlink/shortlink/project/src/main/java/com/nageoffer/shortlink/project/dao/entity/LinkOsStatsDO.java", "Java", 0, 0, 0, 0, 0, 0, 0, 0, 0, 20, 0, 0, 35, 10, 65
"/home/winter/Desktop/Nishant/spring-projects/shortlink/shortlink/project/src/main/java/com/nageoffer/shortlink/project/dao/entity/LinkStatsTodayDO.java", "Java", 0, 0, 0, 0, 0, 0, 0, 0, 0, 21, 0, 0, 38, 11, 70
"/home/winter/Desktop/Nishant/spring-projects/shortlink/shortlink/project/src/main/java/com/nageoffer/shortlink/project/dao/entity/ShortLinkDO.java", "Java", 0, 0, 0, 0, 0, 0, 0, 0, 0, 40, 0, 0, 80, 25, 145
"/home/winter/Desktop/Nishant/spring-projects/shortlink/shortlink/project/src/main/java/com/nageoffer/shortlink/project/dao/entity/ShortLinkGotoDO.java", "Java", 0, 0, 0, 0, 0, 0, 0, 0, 0, 16, 0, 0, 29, 7, 52
"/home/winter/Desktop/Nishant/spring-projects/shortlink/shortlink/project/src/main/java/com/nageoffer/shortlink/project/dao/mapper/LinkAccessLogsMapper.java", "Java", 0, 0, 0, 0, 0, 0, 0, 0, 0, 170, 0, 0, 41, 13, 224
"/home/winter/Desktop/Nishant/spring-projects/shortlink/shortlink/project/src/main/java/com/nageoffer/shortlink/project/dao/mapper/LinkAccessStatsMapper.java", "Java", 0, 0, 0, 0, 0, 0, 0, 0, 0, 107, 0, 0, 41, 12, 160
"/home/winter/Desktop/Nishant/spring-projects/shortlink/shortlink/project/src/main/java/com/nageoffer/shortlink/project/dao/mapper/LinkBrowserStatsMapper.java", "Java", 0, 0, 0, 0, 0, 0, 0, 0, 0, 46, 0, 0, 29, 8, 83
"/home/winter/Desktop/Nishant/spring-projects/shortlink/shortlink/project/src/main/java/com/nageoffer/shortlink/project/dao/mapper/LinkDeviceStatsMapper.java", "Java", 0, 0, 0, 0, 0, 0, 0, 0, 0, 45, 0, 0, 29, 8, 82
"/home/winter/Desktop/Nishant/spring-projects/shortlink/shortlink/project/src/main/java/com/nageoffer/shortlink/project/dao/mapper/LinkGroupMapper.java", "Java", 0, 0, 0, 0, 0, 0, 0, 0, 0, 5, 0, 0, 20, 4, 29
"/home/winter/Desktop/Nishant/spring-projects/shortlink/shortlink/project/src/main/java/com/nageoffer/shortlink/project/dao/mapper/LinkLocaleStatsMapper.java", "Java", 0, 0, 0, 0, 0, 0, 0, 0, 0, 45, 0, 0, 29, 8, 82
"/home/winter/Desktop/Nishant/spring-projects/shortlink/shortlink/project/src/main/java/com/nageoffer/shortlink/project/dao/mapper/LinkNetworkStatsMapper.java", "Java", 0, 0, 0, 0, 0, 0, 0, 0, 0, 45, 0, 0, 29, 8, 82
"/home/winter/Desktop/Nishant/spring-projects/shortlink/shortlink/project/src/main/java/com/nageoffer/shortlink/project/dao/mapper/LinkOsStatsMapper.java", "Java", 0, 0, 0, 0, 0, 0, 0, 0, 0, 46, 0, 0, 29, 8, 83
"/home/winter/Desktop/Nishant/spring-projects/shortlink/shortlink/project/src/main/java/com/nageoffer/shortlink/project/dao/mapper/LinkStatsTodayMapper.java", "Java", 0, 0, 0, 0, 0, 0, 0, 0, 0, 12, 0, 0, 23, 5, 40
"/home/winter/Desktop/Nishant/spring-projects/shortlink/shortlink/project/src/main/java/com/nageoffer/shortlink/project/dao/mapper/ShortLinkGotoMapper.java", "Java", 0, 0, 0, 0, 0, 0, 0, 0, 0, 5, 0, 0, 20, 4, 29
"/home/winter/Desktop/Nishant/spring-projects/shortlink/shortlink/project/src/main/java/com/nageoffer/shortlink/project/dao/mapper/ShortLinkMapper.java", "Java", 0, 0, 0, 0, 0, 0, 0, 0, 0, 16, 0, 0, 29, 7, 52
"/home/winter/Desktop/Nishant/spring-projects/shortlink/shortlink/project/src/main/java/com/nageoffer/shortlink/project/dto/biz/ShortLinkStatsRecordDTO.java", "Java", 0, 0, 0, 0, 0, 0, 0, 0, 0, 23, 0, 0, 53, 16, 92
"/home/winter/Desktop/Nishant/spring-projects/shortlink/shortlink/project/src/main/java/com/nageoffer/shortlink/project/dto/req/RecycleBinRecoverReqDTO.java", "Java", 0, 0, 0, 0, 0, 0, 0, 0, 0, 7, 0, 0, 26, 6, 39
"/home/winter/Desktop/Nishant/spring-projects/shortlink/shortlink/project/src/main/java/com/nageoffer/shortlink/project/dto/req/RecycleBinRemoveReqDTO.java", "Java", 0, 0, 0, 0, 0, 0, 0, 0, 0, 7, 0, 0, 26, 6, 39
"/home/winter/Desktop/Nishant/spring-projects/shortlink/shortlink/project/src/main/java/com/nageoffer/shortlink/project/dto/req/RecycleBinSaveReqDTO.java", "Java", 0, 0, 0, 0, 0, 0, 0, 0, 0, 7, 0, 0, 26, 6, 39
"/home/winter/Desktop/Nishant/spring-projects/shortlink/shortlink/project/src/main/java/com/nageoffer/shortlink/project/dto/req/ShortLinkBatchCreateReqDTO.java", "Java", 0, 0, 0, 0, 0, 0, 0, 0, 0, 15, 0, 0, 38, 11, 64
"/home/winter/Desktop/Nishant/spring-projects/shortlink/shortlink/project/src/main/java/com/nageoffer/shortlink/project/dto/req/ShortLinkCreateReqDTO.java", "Java", 0, 0, 0, 0, 0, 0, 0, 0, 0, 21, 0, 0, 41, 12, 74
"/home/winter/Desktop/Nishant/spring-projects/shortlink/shortlink/project/src/main/java/com/nageoffer/shortlink/project/dto/req/ShortLinkGroupStatsAccessRecordReqDTO.java", "Java", 0, 0, 0, 0, 0, 0, 0, 0, 0, 10, 0, 0, 29, 7, 46
"/home/winter/Desktop/Nishant/spring-projects/shortlink/shortlink/project/src/main/java/com/nageoffer/shortlink/project/dto/req/ShortLinkGroupStatsReqDTO.java", "Java", 0, 0, 0, 0, 0, 0, 0, 0, 0, 8, 0, 0, 29, 7, 44
"/home/winter/Desktop/Nishant/spring-projects/shortlink/shortlink/project/src/main/java/com/nageoffer/shortlink/project/dto/req/ShortLinkPageReqDTO.java", "Java", 0, 0, 0, 0, 0, 0, 0, 0, 0, 9, 0, 0, 26, 6, 41
"/home/winter/Desktop/Nishant/spring-projects/shortlink/shortlink/project/src/main/java/com/nageoffer/shortlink/project/dto/req/ShortLinkRecycleBinPageReqDTO.java", "Java", 0, 0, 0, 0, 0, 0, 0, 0, 0, 9, 0, 0, 23, 6, 38
"/home/winter/Desktop/Nishant/spring-projects/shortlink/shortlink/project/src/main/java/com/nageoffer/shortlink/project/dto/req/ShortLinkStatsAccessRecordReqDTO.java", "Java", 0, 0, 0, 0, 0, 0, 0, 0, 0, 12, 0, 0, 35, 9, 56
"/home/winter/Desktop/Nishant/spring-projects/shortlink/shortlink/project/src/main/java/com/nageoffer/shortlink/project/dto/req/ShortLinkStatsReqDTO.java", "Java", 0, 0, 0, 0, 0, 0, 0, 0, 0, 10, 0, 0, 35, 9, 54
"/home/winter/Desktop/Nishant/spring-projects/shortlink/shortlink/project/src/main/java/com/nageoffer/shortlink/project/dto/req/ShortLinkUpdateReqDTO.java", "Java", 0, 0, 0, 0, 0, 0, 0, 0, 0, 15, 0, 0, 41, 12, 68
"/home/winter/Desktop/Nishant/spring-projects/shortlink/shortlink/project/src/main/java/com/nageoffer/shortlink/project/dto/resp/ShortLinkBaseInfoRespDTO.java", "Java", 0, 0, 0, 0, 0, 0, 0, 0, 0, 14, 0, 0, 29, 7, 50
"/home/winter/Desktop/Nishant/spring-projects/shortlink/shortlink/project/src/main/java/com/nageoffer/shortlink/project/dto/resp/ShortLinkBatchCreateRespDTO.java", "Java", 0, 0, 0, 0, 0, 0, 0, 0, 0, 14, 0, 0, 26, 7, 47
"/home/winter/Desktop/Nishant/spring-projects/shortlink/shortlink/project/src/main/java/com/nageoffer/shortlink/project/dto/resp/ShortLinkCreateRespDTO.java", "Java", 0, 0, 0, 0, 0, 0, 0, 0, 0, 14, 0, 0, 29, 7, 50
"/home/winter/Desktop/Nishant/spring-projects/shortlink/shortlink/project/src/main/java/com/nageoffer/shortlink/project/dto/resp/ShortLinkGroupCountQueryRespDTO.java", "Java", 0, 0, 0, 0, 0, 0, 0, 0, 0, 7, 0, 0, 26, 6, 39
"/home/winter/Desktop/Nishant/spring-projects/shortlink/shortlink/project/src/main/java/com/nageoffer/shortlink/project/dto/resp/ShortLinkPageRespDTO.java", "Java", 0, 0, 0, 0, 0, 0, 0, 0, 0, 27, 0, 0, 74, 23, 124
"/home/winter/Desktop/Nishant/spring-projects/shortlink/shortlink/project/src/main/java/com/nageoffer/shortlink/project/dto/resp/ShortLinkStatsAccessDailyRespDTO.java", "Java", 0, 0, 0, 0, 0, 0, 0, 0, 0, 15, 0, 0, 32, 8, 55
"/home/winter/Desktop/Nishant/spring-projects/shortlink/shortlink/project/src/main/java/com/nageoffer/shortlink/project/dto/resp/ShortLinkStatsAccessRecordRespDTO.java", "Java", 0, 0, 0, 0, 0, 0, 0, 0, 0, 23, 0, 0, 47, 14, 84
"/home/winter/Desktop/Nishant/spring-projects/shortlink/shortlink/project/src/main/java/com/nageoffer/shortlink/project/dto/resp/ShortLinkStatsBrowserRespDTO.java", "Java", 0, 0, 0, 0, 0, 0, 0, 0, 0, 14, 0, 0, 29, 7, 50
"/home/winter/Desktop/Nishant/spring-projects/shortlink/shortlink/project/src/main/java/com/nageoffer/shortlink/project/dto/resp/ShortLinkStatsDeviceRespDTO.java", "Java", 0, 0, 0, 0, 0, 0, 0, 0, 0, 14, 0, 0, 29, 7, 50
"/home/winter/Desktop/Nishant/spring-projects/shortlink/shortlink/project/src/main/java/com/nageoffer/shortlink/project/dto/resp/ShortLinkStatsLocaleCNRespDTO.java", "Java", 0, 0, 0, 0, 0, 0, 0, 0, 0, 14, 0, 0, 29, 7, 50
"/home/winter/Desktop/Nishant/spring-projects/shortlink/shortlink/project/src/main/java/com/nageoffer/shortlink/project/dto/resp/ShortLinkStatsNetworkRespDTO.java", "Java", 0, 0, 0, 0, 0, 0, 0, 0, 0, 14, 0, 0, 29, 7, 50
"/home/winter/Desktop/Nishant/spring-projects/shortlink/shortlink/project/src/main/java/com/nageoffer/shortlink/project/dto/resp/ShortLinkStatsOsRespDTO.java", "Java", 0, 0, 0, 0, 0, 0, 0, 0, 0, 14, 0, 0, 29, 7, 50
"/home/winter/Desktop/Nishant/spring-projects/shortlink/shortlink/project/src/main/java/com/nageoffer/shortlink/project/dto/resp/ShortLinkStatsRespDTO.java", "Java", 0, 0, 0, 0, 0, 0, 0, 0, 0, 25, 0, 0, 59, 18, 102
"/home/winter/Desktop/Nishant/spring-projects/shortlink/shortlink/project/src/main/java/com/nageoffer/shortlink/project/dto/resp/ShortLinkStatsTopIpRespDTO.java", "Java", 0, 0, 0, 0, 0, 0, 0, 0, 0, 13, 0, 0, 26, 6, 45
"/home/winter/Desktop/Nishant/spring-projects/shortlink/shortlink/project/src/main/java/com/nageoffer/shortlink/project/dto/resp/ShortLinkStatsUvRespDTO.java", "Java", 0, 0, 0, 0, 0, 0, 0, 0, 0, 14, 0, 0, 29, 7, 50
"/home/winter/Desktop/Nishant/spring-projects/shortlink/shortlink/project/src/main/java/com/nageoffer/shortlink/project/handler/CustomBlockHandler.java", "Java", 0, 0, 0, 0, 0, 0, 0, 0, 0, 10, 0, 0, 20, 5, 35
"/home/winter/Desktop/Nishant/spring-projects/shortlink/shortlink/project/src/main/java/com/nageoffer/shortlink/project/initialize/ShortLinkStatsStreamInitializeTask.java", "Java", 0, 0, 0, 0, 0, 0, 0, 0, 0, 19, 0, 0, 20, 7, 46
"/home/winter/Desktop/Nishant/spring-projects/shortlink/shortlink/project/src/main/java/com/nageoffer/shortlink/project/mq/consumer/DelayShortLinkStatsConsumer.java", "Java", 0, 0, 0, 0, 0, 0, 0, 0, 0, 63, 0, 0, 22, 9, 94
"/home/winter/Desktop/Nishant/spring-projects/shortlink/shortlink/project/src/main/java/com/nageoffer/shortlink/project/mq/consumer/ShortLinkStatsSaveConsumer.java", "Java", 0, 0, 0, 0, 0, 0, 0, 0, 0, 188, 0, 0, 22, 10, 220
"/home/winter/Desktop/Nishant/spring-projects/shortlink/shortlink/project/src/main/java/com/nageoffer/shortlink/project/mq/idempotent/MessageQueueIdempotentHandler.java", "Java", 0, 0, 0, 0, 0, 0, 0, 0, 0, 28, 0, 0, 42, 11, 81
"/home/winter/Desktop/Nishant/spring-projects/shortlink/shortlink/project/src/main/java/com/nageoffer/shortlink/project/mq/producer/DelayShortLinkStatsProducer.java", "Java", 0, 0, 0, 0, 0, 0, 0, 0, 0, 22, 0, 0, 25, 8, 55
"/home/winter/Desktop/Nishant/spring-projects/shortlink/shortlink/project/src/main/java/com/nageoffer/shortlink/project/mq/producer/ShortLinkStatsSaveProducer.java", "Java", 0, 0, 0, 0, 0, 0, 0, 0, 0, 15, 0, 0, 23, 8, 46
"/home/winter/Desktop/Nishant/spring-projects/shortlink/shortlink/project/src/main/java/com/nageoffer/shortlink/project/service/LinkStatsTodayService.java", "Java", 0, 0, 0, 0, 0, 0, 0, 0, 0, 5, 0, 0, 20, 4, 29
"/home/winter/Desktop/Nishant/spring-projects/shortlink/shortlink/project/src/main/java/com/nageoffer/shortlink/project/service/RecycleBinService.java", "Java", 0, 0, 0, 0, 0, 0, 0, 0, 0, 15, 0, 0, 41, 8, 64
"/home/winter/Desktop/Nishant/spring-projects/shortlink/shortlink/project/src/main/java/com/nageoffer/shortlink/project/service/ShortLinkService.java", "Java", 0, 0, 0, 0, 0, 0, 0, 0, 0, 26, 0, 0, 67, 13, 106
"/home/winter/Desktop/Nishant/spring-projects/shortlink/shortlink/project/src/main/java/com/nageoffer/shortlink/project/service/ShortLinkStatsService.java", "Java", 0, 0, 0, 0, 0, 0, 0, 0, 0, 14, 0, 0, 44, 8, 66
"/home/winter/Desktop/Nishant/spring-projects/shortlink/shortlink/project/src/main/java/com/nageoffer/shortlink/project/service/UrlTitleService.java", "Java", 0, 0, 0, 0, 0, 0, 0, 0, 0, 4, 0, 0, 26, 4, 34
"/home/winter/Desktop/Nishant/spring-projects/shortlink/shortlink/project/src/main/java/com/nageoffer/shortlink/project/service/impl/LinkStatsTodayServiceImpl.java", "Java", 0, 0, 0, 0, 0, 0, 0, 0, 0, 9, 0, 0, 20, 4, 33
"/home/winter/Desktop/Nishant/spring-projects/shortlink/shortlink/project/src/main/java/com/nageoffer/shortlink/project/service/impl/RecycleBinServiceImpl.java", "Java", 0, 0, 0, 0, 0, 0, 0, 0, 0, 74, 0, 0, 20, 10, 104
"/home/winter/Desktop/Nishant/spring-projects/shortlink/shortlink/project/src/main/java/com/nageoffer/shortlink/project/service/impl/ShortLinkServiceImpl.java", "Java", 0, 0, 0, 0, 0, 0, 0, 0, 0, 519, 0, 0, 47, 21, 587
"/home/winter/Desktop/Nishant/spring-projects/shortlink/shortlink/project/src/main/java/com/nageoffer/shortlink/project/service/impl/ShortLinkStatsServiceImpl.java", "Java", 0, 0, 0, 0, 0, 0, 0, 0, 0, 474, 0, 0, 40, 11, 525
"/home/winter/Desktop/Nishant/spring-projects/shortlink/shortlink/project/src/main/java/com/nageoffer/shortlink/project/service/impl/UrlTitleServiceImpl.java", "Java", 0, 0, 0, 0, 0, 0, 0, 0, 0, 25, 0, 0, 20, 6, 51
"/home/winter/Desktop/Nishant/spring-projects/shortlink/shortlink/project/src/main/java/com/nageoffer/shortlink/project/toolkit/HashUtil.java", "Java", 0, 0, 0, 0, 0, 0, 0, 0, 0, 24, 0, 0, 20, 6, 50
"/home/winter/Desktop/Nishant/spring-projects/shortlink/shortlink/project/src/main/java/com/nageoffer/shortlink/project/toolkit/LinkUtil.java", "Java", 0, 0, 0, 0, 0, 0, 0, 0, 0, 95, 0, 0, 63, 13, 171
"/home/winter/Desktop/Nishant/spring-projects/shortlink/shortlink/project/src/main/resources/application.yaml", "YAML", 0, 0, 0, 0, 0, 0, 0, 0, 40, 0, 0, 0, 0, 4, 44
"/home/winter/Desktop/Nishant/spring-projects/shortlink/shortlink/project/src/main/resources/mapper/LinkMapper.xml", "XML", 66, 0, 0, 0, 0, 0, 0, 0, 0, 0, 0, 0, 19, 4, 89
"/home/winter/Desktop/Nishant/spring-projects/shortlink/shortlink/project/src/main/resources/shardingsphere-config-dev.yaml", "YAML", 0, 0, 0, 0, 0, 0, 0, 0, 43, 0, 0, 0, 0, 2, 45
"/home/winter/Desktop/Nishant/spring-projects/shortlink/shortlink/project/src/main/resources/shardingsphere-config-prod.yaml", "YAML", 0, 0, 0, 0, 0, 0, 0, 0, 43, 0, 0, 0, 0, 2, 45
"/home/winter/Desktop/Nishant/spring-projects/shortlink/shortlink/project/src/main/resources/templates/notfound.html", "HTML", 0, 0, 0, 64, 0, 0, 0, 0, 0, 0, 0, 0, 0, 10, 74
"/home/winter/Desktop/Nishant/spring-projects/shortlink/shortlink/resources/database/link-data.sql", "MS SQL", 0, 6, 0, 0, 0, 0, 0, 0, 0, 0, 0, 0, 0, 3, 9
"/home/winter/Desktop/Nishant/spring-projects/shortlink/shortlink/resources/database/link.sql", "MS SQL", 0, 1098, 0, 0, 0, 0, 0, 0, 0, 0, 0, 0, 0, 74, 1172
"Total", "-", 494, 1104, 503, 79, 118, 82, 10613, 307, 4657, 5470, 124, 8, 6092, 2515, 32166